perfil,horizonte,tA_perc,ctc_cmolc,ativ_arg_cmolc,grosseiros_perc,pH,c_org_perc,na_cmolc,exch.Na,k_cmolc,ca_cmolc,mg_cmolc,al_cmolc,sat_al_perc,p_ppm,SQI_perc,Back et al.
11,Ap,37,11.4,30.81,1,5.2,2.27,0.12,1.05,0.16,2.9,0.6,0.9,19,1,42.86,133
11,BA,41,6.7,16.34,3,4.7,0.79,0.07,1.04,0.04,0.7,0.7,2.4,75,1,28.57,123
11,Bw,42,4.3,10.24,3,4.6,0.21,0.04,0.93,0.01,1.2,0.4,1.6,48,1,28.57,133
11,BC,45,5,11.11,3,4.6,0.21,0.03,0.6,0.01,0.8,0.8,2.1,72,1,28.57,123
78,A,41,14.4,35.12,2,4.3,2.12,0.09,0.63,0.15,1,0.5,2.8,62,4,35.71,117
78,AB,46,7.9,17.17,6,4.5,1.09,0.04,0.51,0.04,0.6,0.6,2.1,75,2,35.71,124
78,BA,48,6.5,13.54,1,4.6,0.84,0.04,0.62,0.03,0.4,0.4,2,80,1,21.43,123
78,Bw1,58,6.3,10.86,2,4.5,0.64,0.04,0.63,0.03,0.4,0.4,2.2,81,1,21.43,123
78,Bw2,63,5.1,8.1,3,4.6,0.36,0.04,0.78,0.03,0.2,0.2,1.9,86,1,21.43,83
78,BC,48,3.9,8.13,11,4.6,0.15,0.04,1.03,0.03,0.2,0.2,1.5,83,1,21.43,123
21,Ap,68,10,14.71,0,4.6,1.02,0.12,1.2,0.12,0.5,0.5,3.2,82,2,28.57,84
21,BA,68,9.1,13.38,0,4.6,0.72,0.06,0.66,0.05,0.2,0.2,3.3,92,1,21.43,83
21,Bw1,70,8.5,12.14,0,4.7,0.68,0.05,0.59,0.03,0.2,0.2,3.1,91,1,21.43,83
21,Bw2,73,8.2,11.23,0,5,0.56,0.06,0.73,0.04,0.6,0.6,2.3,77,1,28.57,83
21,Bw3,70,5.7,8.14,0,5.2,0.3,0.05,0.88,0.02,0.4,0.4,1,67,7,28.57,95
65,A2,77,23.9,31.04,0,5.1,2.65,0.02,0.08,0.1,5.2,1.2,1.9,23,3,50,127
65,AB,80,21.9,27.38,0,4.8,1.59,0.03,0.14,0.06,1.5,1.4,5.1,63,2,42.86,94
65,BA1,81,15.1,18.64,0,4.8,1.24,0.06,0.4,0.05,0.9,0.9,4.7,82,1,42.86,73
65,BA2,81,12.2,15.06,0,4.8,1.04,0.02,0.16,0.05,1.1,0.2,3.7,73,1,35.71,83
65,Bw1,83,8,9.64,0,4.8,0.75,0.04,0.5,0.06,0.7,0.7,2,71,1,28.57,83
65,Bw2,82,5.6,6.83,0,4.8,0.4,0.02,0.36,0.04,0.2,0.2,0.9,75,1,28.57,83
29,Ap,81,21.1,26.05,0,4.9,3.28,0.09,0.43,0.09,4.7,2.3,1.3,15,5,42.86,117
29,Ab,79,15.8,20,0,4.7,2.43,0.05,0.32,0.04,1,0.3,3.6,72,1,35.71,83
29,BA,80,12.7,15.88,0,4.8,1.72,0.05,0.39,0.03,0.6,0.6,3.3,83,1,35.71,83
29,Bw1,81,9.4,11.6,0,4.7,1.16,0.05,0.53,0.03,0.3,0.3,2.5,86,1,28.57,83
29,Bw2,81,5.5,6.79,0,4.6,0.52,0.05,0.91,0.02,0.3,0.3,0.6,60,2,28.57,84
27,Ap,77,15.3,19.87,0,6.3,1.84,0.17,1.11,0.44,7,3,0,0,3,78.57,122
27,AB,81,11.9,14.69,0,4.8,1.73,0.06,0.5,0.06,1.9,0.6,2.3,47,1,35.71,93
27,BA,80,10,12.5,0,4.5,1.3,0.07,0.7,0.05,1.3,0.2,2.3,59,1,35.71,83
27,Bw1,82,7.1,8.66,0,4.5,0.78,0.27,3.8,0.05,0.9,0.9,1.1,48,1,42.86,93
27,Bw2,81,5.6,6.91,0,4.6,0.3,0.05,0.89,0.06,0.5,0.5,1.1,65,2,28.57,84
60,Ap,77,12.9,16.75,0,5,2.73,0.03,0.23,0.18,0.5,0.5,0.7,75,1,35.71,83
60,AB,79,8.2,10.38,0,4.8,1.38,0.01,0.12,0.03,0.1,0.1,0.1,92,1,42.86,83
60,BA,81,5.4,6.67,0,5.2,0.6,0.01,0.19,0.02,0.1,0.1,0.1,67,1,35.71,83
60,Bw1,81,4.3,5.31,0,5.3,0.45,0.01,0.23,0.02,0.1,0.1,0.1,67,1,35.71,73
60,Bw2,82,4,4.88,0,5.3,0.19,0.01,0.25,0.02,0.1,0.1,0.1,67,1,35.71,73
24,Ap,78,16.4,21.03,0,5.2,2.4,0.3,1.83,0.6,6.5,0.3,0.4,5,2,57.14,94
24,AB,83,12.7,15.3,0,4.9,1.36,0.06,0.47,0.08,3.9,0.4,1.6,27,1,35.71,93
24,BA,85,11,12.94,0,5,0.79,0.06,0.55,0.07,2.3,0.5,2.3,44,3,28.57,107
24,Bw1,85,10.6,12.47,0,5,0.71,0.08,0.75,0.09,1.3,0.4,2.8,60,1,28.57,83
24,Bw2,84,7.5,8.93,0,5.1,0.31,0.05,0.67,0.04,0.9,0.9,2,67,5,35.71,87
28,Ap,75,15.6,20.8,0,5.2,2.34,0.16,1.03,0.48,4.8,2.8,0,0,4,64.29,97
28,AB,75,10.2,13.6,0,4.5,1.84,0.06,0.59,0.06,0.4,0.4,3,86,1,28.57,83
28,BA,77,8,10.39,0,4.8,1.03,0.2,2.5,0.06,0.4,0.4,1.8,72,1,28.57,83
28,Bw1,79,6,7.59,0,4.6,0.64,0.06,1,0.04,0.2,0.2,1.1,79,2,28.57,84
28,Bw2,79,5.6,7.09,0,4.8,0.46,0.05,0.89,0.04,0.2,0.2,0.9,75,3,28.57,97
70,Ap,78,22.1,28.33,0,4,4.18,0.1,0.45,0.04,1.8,0.1,5.1,72,2,28.57,79
70,AB,82,14.1,17.2,0,4.1,1.88,0.07,0.5,0.03,0.8,0.8,4.4,83,2,35.71,59
70,BA,79,11.1,14.05,0,4.5,1.26,0.06,0.54,0.04,0.6,0.6,3.7,84,1,35.71,83
70,Bw1,81,7.2,8.89,0,4.3,0.75,0.06,0.83,0.03,0.2,0.2,1.8,86,2,21.43,74
70,Bw2,82,7.6,9.27,0,4.2,0.74,0.07,0.92,0.04,0.4,0.4,2.3,82,2,21.43,69
72,Ap,77,17.2,22.34,0,4.2,2.97,0.09,0.52,0.15,1.6,0.9,2.9,52,2,42.86,69
72,AB,80,15.1,18.88,0,4.3,2.47,0.07,0.46,0.05,1.3,0.3,2.7,61,1,35.71,73
72,BA,82,12.8,15.61,0,4.6,1.95,0.07,0.55,0.05,0.8,0.8,2.7,75,1,35.71,83
72,Bw1,86,9.5,11.05,0,4.3,1.32,0.07,0.74,0.03,0.3,0.3,1.6,80,1,28.57,73
72,Bw2,86,5.2,6.05,0,4.9,0.58,0.11,2.12,0.03,0.3,0.3,0.2,33,1,28.57,93
57,A1,83,19.5,23.49,0,3.9,3.14,0.03,0.15,0.17,0.6,0.6,5.8,88,1,28.57,58
57,A2,85,12.7,14.94,0,4.2,1.54,0.01,0.08,0.06,0.2,0.2,4.9,94,1,28.57,58
57,AB,87,11.4,13.1,0,4.5,1.04,0.02,0.18,0.03,0.2,0.2,4.6,94,1,28.57,73
57,BA,88,9.9,11.25,0,4.5,0.7,0.01,0.1,0.02,0.2,0.2,3.7,95,1,21.43,83
57,Bw1,88,6,6.82,0,4.8,0.32,0.02,0.33,0.02,0.1,0.1,2,95,1,21.43,83
57,Bw2,89,5.3,5.96,0,5.2,0.17,0.02,0.38,0.02,0.1,0.1,2,95,1,21.43,83
57,Bw3,89,6.5,7.3,0,5.2,0.31,0.02,0.31,0.04,0.1,0.1,2.7,93,1,21.43,83
31,A,50,16.8,33.6,0,4.4,2.79,0.11,0.65,0.25,2.9,0.5,2.3,38,1,35.71,133
31,AB,53,13.1,24.72,0,4.5,1.97,0.08,0.61,0.2,0.9,0.2,2.8,67,1,35.71,123
31,BA,56,11.8,21.07,0,4.7,1.64,0.09,0.76,0.18,0.7,0.7,2.4,71,1,35.71,123
31,Bw1,56,6.5,11.61,0,5,1.01,0.07,1.08,0.1,0.7,0.7,0.7,44,1,42.86,133
31,Bw2,53,4.1,7.74,0,4.5,0.35,0.06,1.46,0.06,0.7,0.7,0.5,38,1,35.71,133
31,BC,51,5.9,11.57,0,4.5,0.17,0.06,1.02,0.06,0.7,0.7,4,83,1,28.57,123
31,C,48,6.8,14.17,0,4.3,0.1,0.06,0.88,0.09,0.5,0.5,5.2,88,1,21.43,103
47,A,85,22,25.88,0,3.9,4.56,0.06,0.27,0.13,0.7,0.7,5.6,86,1,28.57,78
47,AB,87,15.9,18.28,0,4,3.75,0.05,0.31,0.02,0.2,0.2,4.4,94,1,21.43,58
47,BA,87,11.9,13.68,0,4.8,2.02,0.05,0.42,0.02,0.2,0.2,2.2,88,1,28.57,83
47,Bw1,89,8.3,9.33,0,4.2,1.97,0.05,0.6,0.02,0.2,0.2,1.3,81,1,28.57,68
47,Bw2,89,5,5.62,0,5.2,1.09,0.07,1.4,0.06,0.2,0.2,0.1,25,1,42.86,93
47,Bw3,90,6.1,6.78,0,4.3,0.88,0.07,1.15,0.02,0.2,0.2,1.8,86,1,21.43,73
47,BC,89,7,7.87,0,4.2,0.57,0.06,0.86,0.04,0.2,0.2,3.4,92,1,21.43,68
47,C,85,7.3,8.59,0,4.3,0.53,0.06,0.82,0.08,0.2,0.2,4.4,94,1,21.43,63
53,Ap,64,17.3,27.03,0,5.1,1.87,0.03,0.17,0.24,1.5,0.6,3,56,2,35.71,84
53,AB,61,12.7,20.82,3,5.1,1.75,0.03,0.24,0.12,0.9,0.9,2.9,73,1,42.86,83
53,BA,64,11.9,18.59,1,5.2,1.09,0.02,0.17,0.07,0.8,0.8,4.1,82,1,35.71,73
53,Bt,53,9.5,17.92,1,5.3,0.35,0.02,0.21,0.05,0.4,0.4,5,91,7,21.43,115
53,BC1,68,10.5,15.44,4,5.4,0.19,0.01,0.1,0.05,0.9,0.3,2.9,69,8,28.57,110
53,BC2,65,9.7,14.92,3,5.4,0.13,0.02,0.21,0.04,1,0.3,2.4,63,5,28.57,102
53,C,56,11.7,20.89,5,5.5,0.08,0.04,0.34,0.12,2.2,1.1,2.6,43,6,28.57,162
54,A1,69,12.7,18.41,0,5,2.33,0.03,0.24,0.2,2.2,0.7,3.7,54,0,35.71,83
54,AB,70,13.7,19.57,0,5.1,1.98,0.04,0.29,0.11,0.9,0.9,4.4,80,0,42.86,73
54,BA,80,14.7,18.38,0,5.2,1.52,0.02,0.14,0.07,0.6,0.6,5.3,88,0,35.71,73
54,Bt1,83,15.7,18.92,1,5.3,1.04,0.03,0.19,0.06,0.6,0.6,4.9,88,0,35.71,63
54,Bt2,78,16.7,21.41,0,5.4,0.46,0.03,0.18,0.04,0.4,0.4,2.1,81,0,21.43,98
54,Bt3,75,17.7,23.6,0,5.5,0.42,0.04,0.23,0.06,0.6,0.6,3.3,83,0,21.43,98
54,Bt4,73,18.7,25.62,1,5.4,0.31,0.03,0.16,0.08,0.5,0.5,5.9,91,0,21.43,88
54,BC,62,19.7,31.77,1,5.3,0.22,0.03,0.15,0.1,0.9,0.9,19.4,95,0,35.71,63
54,C1,42,20.7,49.29,14,5.3,0.12,0.09,0.43,0.1,1,0.2,13.8,91,0,28.57,123
54,C2,35,21.7,62,37,5.3,0.08,0.06,0.28,0.12,2.3,2.2,23.3,83,0,35.71,83
55,Ap,60,12.7,21.17,0,5,2.13,0.04,0.31,0.14,0.6,0.6,3.9,83,1,35.71,83
55,AB,61,10.3,16.89,3,5,1.54,0.03,0.29,0.06,0.2,0.2,3.5,92,1,28.57,83
55,BA,62,9.7,15.65,2,5.1,1.18,0.02,0.21,0.04,0.1,0.1,3.4,94,1,28.57,83
55,Bt1,50,8.4,16.8,13,5.5,0.46,0.03,0.36,0.04,0.2,0.2,3,91,4,14.29,142
55,Bt2,63,7.6,12.06,4,5.6,0.38,0.03,0.39,0.03,0.4,0.4,2.3,82,4,28.57,102
55,BC1,65,6.6,10.15,1,5.5,0.23,0.02,0.3,0.04,0.2,0.2,2,87,4,14.29,102
55,BC2,63,7.3,11.59,5,5.5,0.2,0.02,0.27,0.04,0.3,0.3,2.4,86,3,14.29,112
55,C,43,9.3,21.63,43,5.5,0.14,0.04,0.43,0.07,0.5,0.5,4.3,88,7,14.29,140
56,A1,69,12.3,17.83,0,5.1,2.05,0.02,0.16,0.19,0.9,0.9,3.1,74,1,42.86,83
56,A2,72,9.3,12.92,0,5.2,1.22,0.02,0.22,0.04,0.1,0.1,3.3,94,1,28.57,83
56,AB,70,9.7,13.86,0,5.1,1.15,0.02,0.21,0.02,0.1,0.1,3.2,97,1,28.57,83
56,BA,66,8.8,13.33,0,5.1,1.05,0.02,0.23,0.02,0.1,0.1,2.9,97,1,28.57,83
56,Bt1,70,8.3,11.86,0,5.2,0.8,0.02,0.24,0.02,0.1,0.1,2.8,97,1,21.43,83
56,Bt2,73,5.7,7.81,0,5.4,0.37,0.02,0.35,0.02,0.2,0.2,0.9,82,2,28.57,99
56,Bt3,72,6,8.33,0,5.5,0.17,0.01,0.17,0.02,0.2,0.2,1.1,85,4,21.43,102
56,BC,70,6.4,9.14,0,5.4,0.16,0.01,0.16,0.02,0.3,0.3,1.4,82,5,21.43,102
56,C1,51,7.8,15.29,2,5.4,0.12,0.03,0.38,0.02,0.6,0.6,1.9,73,6,28.57,152
56,C2,47,9.3,19.79,8,5.4,0.1,0.03,0.32,0.04,0.6,0.6,2.2,76,18,28.57,152
66,Ap,65,16,24.62,0,4.8,2.87,0.05,0.31,0.24,1.2,0.5,3.5,64,2,35.71,84
66,AB,66,12.3,18.64,0,4.9,1.82,0.03,0.24,0.07,0.3,0.3,3.8,90,1,28.57,83
66,BA,69,10,14.49,1,5.1,1.26,0.03,0.3,0.04,0.3,0.3,3.3,89,1,28.57,83
66,Bt,68,6.1,8.97,0,5.4,0.48,0.02,0.33,0.02,0.1,0.1,1.4,93,1,21.43,98
66,BC1,66,5.5,8.33,1,5.4,0.21,0.02,0.36,0.02,0.1,0.1,1,91,3,28.57,112
66,BC2,64,5.9,9.22,0,5.3,0.13,0.03,0.51,0.02,0.1,0.1,1.5,88,3,21.43,87
66,C,43,7.8,18.14,0,5.1,0.12,0.05,0.64,0.03,0.1,0.1,4.2,95,4,21.43,117
34,A,76,19.7,25.92,0,4.7,4.18,0.15,0.76,0.4,1.3,0.4,5.7,71,1,42.86,73
34,AB,80,8.6,10.75,1,5,0.89,0.04,0.47,0.04,0.1,0.1,4,95,1,21.43,83
34,Bt,77,7.3,9.48,1,5.2,0.64,0.06,0.82,0.04,0.2,0.2,2.7,90,1,21.43,83
34,BC,73,7.9,10.82,1,5.3,0.43,0.06,0.76,0.07,0.2,0.2,3.1,91,1,21.43,73
64,Ap1,63,30,47.62,0,4.5,4.63,0.04,0.13,0.49,2.3,1.4,5.9,53,5,50,117
64,Ap2,67,23,34.33,0,4.5,2.97,0.03,0.13,0.11,0.3,0.3,7.2,95,1,28.57,93
64,AB,70,18.8,26.86,0,4.4,2.08,0.02,0.11,0.04,0.1,0.1,6.5,97,1,28.57,73
64,BA,68,15,22.06,3,4.6,1.39,0.03,0.2,0.04,0.1,0.1,5.8,97,1,28.57,73
64,Bt1,60,10.4,17.33,6,4.5,0.68,0.03,0.29,0.04,0.1,0.1,4.8,96,1,21.43,73
64,Bt2,60,8.5,14.17,2,4.6,0.41,0.02,0.24,0.04,0.1,0.1,4,95,1,21.43,83
64,Bt3,60,8.1,13.5,1,5,0.26,0.02,0.25,0.03,0.1,0.1,3.6,95,2,21.43,84
64,BC,60,7.6,12.67,1,5,0.25,0.02,0.26,0.02,0.1,0.1,3.4,97,3,21.43,97
64,C,22,11.2,50.91,51,5.2,0.13,0.03,0.27,0.05,0.1,0.1,6.7,97,7,14.29,85
71,A,71,23.1,32.54,0,4.3,3.67,0.07,0.3,0.34,1.2,0.3,5.3,74,1,42.86,83
71,AB,71,18.4,25.92,0,4.3,1.89,0.1,0.54,0.16,0.9,0.9,5.1,81,1,42.86,63
71,Bt1,72,12.6,17.5,0,4.2,1.41,0.07,0.56,0.06,0.4,0.4,4.9,91,1,28.57,58
71,Bt2,73,9.9,13.56,1,4.9,1.13,0.07,0.71,0.06,0.2,0.2,4.7,94,2,28.57,74
71,BC,61,11.9,19.51,0,4.3,0.61,0.06,0.5,0.12,0.2,0.2,7.9,94,1,21.43,63
73,Ap,76,19.5,25.66,0,4.1,3.14,0.06,0.31,0.03,3.5,1.3,2.4,33,1,42.86,78
73,AB,78,16.8,21.54,0,4.3,2.48,0.08,0.48,0.16,0.7,0.7,4.8,84,1,35.71,63
73,BA,80,14.5,18.13,0,4.1,1.97,0.06,0.41,0.07,0.5,0.5,4.6,88,1,28.57,58
73,Bt1,84,11.4,13.57,0,4.2,1.32,0.09,0.79,0.04,0.2,0.2,4.3,93,1,28.57,58
73,Bt2,87,8.6,9.89,1,4,0.71,0.05,0.58,0.03,0.2,0.2,2.7,90,2,14.29,69
59,A,59,23.4,39.66,0,5,2.91,0.12,0.51,1.51,6.8,2.3,0.8,7,3,71.43,167
59,AB,66,23.8,36.06,0,4.6,1.9,0.05,0.21,0.63,1.7,0.7,5.7,65,1,42.86,93
59,Bt1,77,17.5,22.73,0,4.8,1.14,0.02,0.11,0.15,0.7,0.7,9.8,92,1,35.71,73
59,Bt2,67,16.5,24.63,0,5,0.41,0.02,0.12,0.11,0.7,0.7,11,93,1,28.57,73
59,BC,56,18.9,33.75,0,5.2,0.22,0.02,0.11,0.11,1.3,0.4,13.1,88,1,28.57,113
59,C,45,26.1,58,0,5.1,0.15,0.02,0.08,0.12,2.9,0.6,19,84,2,28.57,134
59,R,20,38.5,192.5,0,5.1,0.04,0.03,0.08,0.07,7.9,0.3,28.6,78,1,35.71,113
26,AP,41,18.9,46.1,2,6,1.14,0.07,0.37,0.1,11.5,2.9,0,0,6,71.43,162
26,2Bt1,72,14.1,19.58,0,5.4,0.81,0.07,0.5,0.09,5.8,1.7,0.8,9,1,50,108
26,2Bt2,70,15.9,22.71,0,5.6,0.59,0.07,0.44,0.1,5.3,4,0.8,8,1,57.14,108
26,BC,69,14.2,20.58,0,5.4,0.5,0.22,1.55,0.1,6.5,0.5,2.1,22,6,35.71,122
45,Ap,47,19.5,41.49,3,5.3,1.92,0.1,0.51,0.68,13.5,1.6,0,0,1,71.43,123
45,Bt1,57,16.8,29.47,2,5.5,1.2,0.08,0.48,0.12,11.4,2,0,0,1,57.14,148
45,Bt2,69,16.5,23.91,1,5.2,1,0.05,0.3,0.11,10,3.5,0,0,1,64.29,93
45,Bt3,64,16.2,25.31,1,4.7,0.93,0.09,0.56,0.1,6.3,3.3,1.4,13,1,42.86,93
0.05,Ap,42,13.9,33.1,0,5.1,1.92,0.1,0.72,0.16,1.5,3,4.8,50,1,42.86,133
0.05,AB,46,13.3,28.91,0,4.9,1.41,0.06,0.45,0.08,1.7,0.2,8,80,1,35.71,113
0.05,BA,53,13.9,26.23,0,4.7,0.61,0.05,0.36,0.06,0.6,0.6,10.3,94,1,28.57,113
0.05,Bt1,50,12.2,24.4,0,4.7,0.36,0.05,0.41,0.05,0.3,0.3,10,96,1,21.43,113
0.05,Bt2,48,11.8,24.58,0,4.7,0.31,0.06,0.51,0.08,0.3,0.3,10.1,96,1,21.43,113
0.05,BC,47,11.5,24.47,0,4.7,0.25,0.06,0.52,0.08,0.3,0.3,10,96,1,21.43,113
12,Ap,37,10.3,27.84,3,4.3,1.96,0.13,1.26,0.11,1.2,0.3,2.3,58,1,35.71,113
12,AB,51,6.5,12.75,2,4.4,0.47,0.07,1.08,0.01,0.8,0.5,2.1,60,1,28.57,123
12,Bt1,64,11.2,17.5,2,4.6,0.41,0.06,0.54,0.01,1.1,5.2,0.8,11,1,50,93
12,Bt2,66,4.9,7.42,1,4.6,0.36,0.06,1.22,0.01,0.5,0.5,1.7,74,1,21.43,83
13,Ap,37,11.7,31.62,0,4.8,2.12,0.12,1.03,0.07,1.5,1.7,2.2,39,1,42.86,133
13,Bt1,49,6.3,12.86,0,4.8,0.42,0.06,0.95,0.01,0.7,0.7,3.7,82,1,28.57,123
13,Bt2,45,6.7,14.89,0,4.9,0.33,0.06,0.9,0.01,0.8,1,3.1,62,1,35.71,123
13,BC1,33,6.9,20.91,0,4.9,0.18,0.05,0.72,0.01,0.8,1,3.5,65,1,35.71,83
13,BC2,22,5,22.73,0,4.7,0.12,0.05,1,0.01,0.1,0.1,3.9,95,1,21.43,83
0.03,Ap,30,6.5,21.67,35,4.5,1.53,0.08,1.23,0.11,1.2,0.3,1.2,41,1,35.71,93
0.03,AB,32,5.3,16.56,36,4.7,1.19,0.05,0.94,0.05,1,0.1,1.5,56,1,35.71,83
0.03,BA,37,4.4,11.89,38,4.9,0.76,0.03,0.68,0.04,1,0.1,1.3,52,1,28.57,123
0.03,Bt,62,6.2,10,12,4.8,0.74,0.02,0.32,0.03,1.5,0.2,1.3,42,1,28.57,93
0.03,BC,49,4.4,8.98,12,4.7,0.31,0.06,1.36,0.07,0.6,0.6,2.1,75,1,28.57,123
0.03,C,39,3.8,9.74,21,4.7,0.25,0.06,1.58,0.08,0.4,0.4,2.1,81,1,21.43,123
20,Ap,32,10.4,32.5,99,4.8,1.71,0.12,1.15,0.08,2.7,0.5,1,23,1,35.71,93
20,BA,43,7.8,18.14,100,5.1,0.65,0.07,0.9,0.02,0.1,0.1,3.3,94,1,14.29,123
20,Bt,75,6.3,8.4,99,4.8,0.59,0.06,0.95,0.02,0.6,0.6,2.3,77,1,21.43,83
20,2BC,37,4.9,13.24,89,5,0.32,0.06,1.22,0.02,0.1,0.1,2.3,92,2,14.29,124
15,A,51,18.9,37.06,0,3.5,3.66,0.16,0.85,0.17,0.8,0.8,5.6,84,3,28.57,112
15,BA,59,7.7,13.05,0,4.5,0.97,0.05,0.65,0.03,0.4,0.4,2.6,84,1,21.43,123
15,Bt1,66,6,9.09,1,4.4,0.54,0.04,0.67,0.02,0.1,0.1,1.9,90,1,21.43,83
15,Bt2,64,5.3,8.28,0,4.5,0.41,0.04,0.75,0.01,0.1,0.1,1.6,89,1,21.43,83
15,Bt3,65,4.9,7.54,1,4.4,0.25,0.04,0.82,0.01,0.1,0.1,1.4,88,1,21.43,83
15,BC,29,3,10.34,0,4.8,0.06,0.05,1.67,0.02,0.1,0.1,1.1,85,1,21.43,73
39,A,49,10.5,21.43,0,4.2,1.85,0.13,1.24,0.13,0.7,0.7,2.7,73,2,35.71,109
39,BA,55,6.7,12.18,0,4.3,0.82,0.06,0.9,0.03,0.3,0.3,2.5,86,1,21.43,113
39,Bt,68,6.2,9.12,0,4.4,0.49,0.05,0.81,0.02,0.1,0.1,2.7,93,1,21.43,83
39,BC,62,5.4,8.71,0,4.5,0.41,0.05,0.93,0.02,0.1,0.1,2.4,92,1,21.43,83
39,C,44,4.3,9.77,0,4.4,0.2,0.07,1.63,0.02,0.1,0.1,2.4,92,1,21.43,123
16,Ap,0,10.7,0,4,4.2,1.79,0.15,1.4,0.08,1.5,0.5,2.7,0,2,35.71,58
16,BA1,45,8,17.78,0,4.4,0.61,0.07,0.88,0.03,0.3,0.3,3.6,0,1,21.43,133
16,BA2,0,7.5,0,8,4.4,0.48,0.05,0.67,0.02,0.1,0.1,3.7,0,1,21.43,72
16,Bt1,69,8.3,12.03,8,4.5,0.5,0.05,0.6,0.01,0.1,0.1,4.1,0,1,21.43,93
16,Bt2,0,6.9,0,5,4.5,0.36,0.04,0.58,0.01,0.1,0.1,3.5,0,1,21.43,72
0.07,Ap1,40,16.8,42,1,4.8,2.37,0.35,2.08,0.42,5.9,2.5,0.6,6,1,64.29,133
0.07,Ap2,47,14.6,31,0,4.9,1.48,0.14,0.96,0.06,4.3,0.2,3.2,41,1,35.71,133
0.07,BA1,63,18.7,30,0,4.8,1.72,0.13,0.7,0.05,2.8,0.3,6.4,66,1,35.71,73
0.07,BA2,61,13.4,22,1,4.6,1.09,0.09,0.67,0.04,1.7,0.3,6.1,74,1,35.71,73
0.07,Bt1,66,11.8,18,1,4.7,0.63,0.13,1.1,0.09,1.3,0.5,5.9,75,1,28.57,73
0.07,Bt2,69,11.4,17,1,4.7,0.39,0.16,1.4,0.14,0.9,0.5,6.1,78,1,28.57,73
0.07,BC,59,11.9,20,0,4.7,0.4,0.13,1.09,0.12,0.8,0.2,7.7,86,1,28.57,113
0.02,E1,4,0.9,23,0,4.9,0.16,0.02,2.22,0.04,0.5,0.5,0.1,14,1,35.71,72
0.02,E2,4,0.8,20,0,5.2,0.12,0.01,1.25,0.02,0.5,0.5,0.1,17,1,35.71,72
0.02,Eb,12,2.7,23,0,5,0.18,0.01,0.37,0.02,0.8,0.8,0.8,50,1,35.71,72
0.02,Bt1,41,8.6,21,0,4.6,0.52,0.01,0.12,0.03,0.8,0.8,4.1,84,1,28.57,113
0.02,Bt2,38,6.1,16,0,4.5,0.35,0.01,0.16,0.03,0.3,0.3,3.6,92,1,21.43,123
0.02,BC,16,1.9,12,0,4.5,0.17,0.01,0.53,0.02,0.1,0.1,1.2,92,1,21.43,62
52,A,52,26,50,0,4.8,2.39,0.1,0.38,0.42,4.5,1,12.8,68,2,50,134
52,BA,56,25.2,45,0,4.9,2.28,0.1,0.4,0.26,2.8,0.3,17.4,83,1,42.86,133
52,Bt,59,25.4,43,0,4.8,1.2,0.08,0.31,0.27,2.2,0.5,18.9,86,1,42.86,133
52,BC,63,28.5,45,0,5,0.96,0.09,0.32,0.3,1,0.1,23.7,94,1,35.71,113
52,C,61,29.5,48,4,5,0.58,0.08,0.27,0.32,0.9,0.9,26.4,95,1,42.86,113
74,Ap,29,16.1,56,0,4,1.64,0.06,0.37,0.16,2.6,0.6,3.1,48,3,28.57,92
74,BA,32,16.9,53,0,4,1.59,0.07,0.41,0.14,0.8,0.8,9,90,2,28.57,59
74,Bt,39,17.1,44,1,4.1,1.07,0.08,0.47,0.16,0.4,0.4,10.6,95,1,28.57,98
74,BC,42,17.6,42,1,4.6,0.38,0.06,0.34,0.22,0.2,0.2,14,97,1,21.43,113
37,Ap,3,5.4,180,0,4.3,1.15,0.09,1.67,0.04,0.3,0.3,0.8,67,5,35.71,56
37,E,2,0.7,35,0,4.4,1.04,0.03,4.29,0.01,0.1,0.1,0.1,50,1,42.86,72
37,Bh,2,3,150,0,4.1,0.1,0.05,1.67,0.03,0.1,0.1,0.3,75,1,28.57,47
0.04,A,44,13.1,30,1,4.5,2.06,0.07,0.53,0.11,0.8,0.8,7.8,89,1,35.71,113
0.04,BA,50,10.3,21,0,4.4,1.61,0.08,0.78,0.09,0.3,0.3,7.5,94,1,28.57,113
0.04,Bi,54,11,20,0,4.5,0.69,0.07,0.64,0.11,0.3,0.3,7.7,94,1,21.43,113
0.09,A,16,5.6,35,31,4.4,1,0.08,1.43,0.09,1.4,0.2,1,36,4,42.86,76
0.09,AB,18,4.3,24,27,4.8,0.6,0.07,1.63,0.05,1,0.2,1,43,1,35.71,72
0.09,BA,23,4.5,20,30,5.3,0.39,0.07,1.56,0.04,1.2,0.2,0.8,35,1,35.71,83
0.09,Bi,28,5.1,18,39,4.8,0.34,0.06,1.18,0.02,0.7,0.7,2,71,1,28.57,83
0.09,C,19,2.9,15,31,4.8,0.23,0.07,2.41,0.03,0.5,0.5,1.5,71,1,21.43,62
30,A,67,17.6,26,0,4,2.46,0.11,0.63,0.24,0.8,0.2,5.6,80,3,28.57,72
30,Bi,67,12.7,19,1,4.4,1.82,0.06,0.47,0.09,0.5,0.5,4.3,86,1,28.57,73
43,A,53,24,45,0,3.7,2.71,0.09,0.38,0.09,0.7,0.7,11.2,93,1,28.57,118
43,Bi1,60,17.7,30,1,4,1.55,0.05,0.28,0.05,0.4,0.4,11.3,96,1,21.43,58
43,Bi2,62,14.1,23,0,4.3,0.97,0.09,0.64,0.1,0.2,0.2,11.8,97,1,21.43,63
43,Bi3,76,17.9,24,0,4.3,0.86,0.08,0.45,0.31,0.2,0.2,15,96,1,28.57,63
43,C,61,17.2,28,0,4.2,0.74,0.08,0.47,0.3,0.4,0.4,14.5,95,1,28.57,58
48,A,69,16.4,24,1,4.3,2.34,0.07,0.43,0.33,2.7,0.3,4.3,56,2,42.86,64
48,AB,69,14.1,20,1,4,1.56,0.06,0.43,0.1,0.8,0.8,5.4,84,1,28.57,58
48,Bi1,71,12.4,17,8,4.1,1.34,0.07,0.56,0.04,0.8,0.8,6,87,1,35.71,58
48,Bi2,70,11.6,17,2,4.2,1.1,0.06,0.52,0.03,0.4,0.4,7.2,94,1,28.57,58
48,Bi3,70,9.9,14,2,4.3,0.97,0.05,0.51,0.04,0.3,0.3,6.4,94,2,21.43,64
48,C,68,10.9,16,2,4.2,0.92,0.05,0.46,0.06,0.3,0.3,7.7,95,2,21.43,59
33,Ap,67,25.7,38,0,4.8,4.92,0.13,0.51,0.25,1.5,0.4,6.6,74,2,35.71,94
33,AB,67,17.9,27,0,4.7,3.1,0.06,0.34,0.06,0.4,0.4,6,92,1,28.57,73
33,Bi1,75,9.9,13,1,5,1.06,0.06,0.61,0.06,0.2,0.2,4.8,94,1,28.57,73
33,Bi2,74,7.9,11,1,5.1,0.9,0.06,0.76,0.04,0.2,0.2,2.8,90,1,21.43,83
42,A,56,20.4,36,1,4.4,3.45,0.1,0.49,0.11,0.3,0.3,6.7,93,1,28.57,133
42,AB,62,15.4,25,0,4.7,2.38,0.07,0.45,0.05,0.3,0.3,6.3,94,1,28.57,73
42,Bi1,62,10.4,17,0,4.8,1.14,0.06,0.58,0.05,0.3,0.3,6.6,94,1,28.57,73
42,Bi2,60,10.5,18,0,5,0.5,0.08,0.76,0.07,0.3,0.3,7,93,1,21.43,73
42,C,55,12.6,23,0,4.9,0.23,0.09,0.71,0.1,0.5,0.5,10.8,94,1,21.43,113
46,A,79,21.9,28,0,4.3,4.71,0.08,0.37,0.19,1.1,0.2,5.2,76,1,35.71,83
46,AB,86,13.8,16,0,4.1,2.3,0.08,0.58,0.03,0.3,0.3,4.4,92,1,28.57,58
46,BA,86,11.7,14,0,4,1.97,0.07,0.6,0.03,0.2,0.2,4.7,94,1,21.43,58
46,Bi,86,9.5,11,0,4.1,1.76,0.23,2.42,0.02,0.2,0.2,4,89,1,28.57,68
46,BC1,86,6.9,8,0,4.2,1.74,0.05,0.72,0.02,0.2,0.2,2.6,90,1,28.57,68
46,BC2,73,7.6,10,0,4.1,0.83,0.05,0.66,0.02,0.2,0.2,3.2,91,1,21.43,68
46,C1,81,8.9,11,0,4.2,0.64,0.05,0.56,0.04,0.2,0.2,5.4,95,2,21.43,59
62,A1,62,33,53,0,4,4.33,0.05,0.15,0.25,1,0.1,9.3,87,2,28.57,99
62,A2,66,26.5,40,0,4.4,1.85,0.05,0.19,0.06,0.3,0.3,8.3,95,1,28.57,93
62,AB1,69,21.1,31,0,4.6,0.71,0.02,0.09,0.05,0.3,0.3,7.3,90,1,21.43,93
62,AB2,71,18.2,26,1,4.9,1.71,0.02,0.11,0.05,0.3,0.3,7.1,95,1,28.57,73
62,BA,70,13.6,19,1,4.9,1.09,0.02,0.15,0.04,0.2,0.2,6.2,95,1,28.57,73
62,Bi1,69,11.2,16,3,4.9,0.69,0.09,0.8,0.08,0.2,0.2,4.9,92,1,21.43,73
62,Bi2,69,9.4,14,6,5,0.48,0.02,0.21,0.04,0.2,0.2,4.3,93,1,21.43,73
62,BC,52,9.6,18,35,5.1,0.34,0.02,0.21,0.02,0.2,0.2,5,96,1,21.43,113
62,C,24,14.4,60,16,5.4,0.16,0.03,0.21,0.04,0.2,0.2,10,97,153,21.43,102
32,A,54,16.5,31,0,4.1,2.65,0.1,0.61,0.22,0.8,0.8,5.4,83,2,35.71,99
32,AB,58,12.2,21,0,4.3,1.61,0.06,0.49,0.1,0.2,0.2,4.7,92,1,28.57,103
32,Bi,58,8,14,1,4.6,0.87,0.06,0.75,0.08,0.4,0.4,3.3,87,1,21.43,123
32,C,59,4.4,7,0,4.6,0.21,0.07,1.59,0.1,0.2,0.2,3,88,2,21.43,124
38,A,39,24.4,63,0,4.2,1.62,0.07,0.29,0.27,0.3,0.3,13.9,96,1,35.71,118
38,Bi1,40,18.9,47,1,4.5,0.63,0.06,0.32,0.17,0.3,0.3,8.4,94,1,21.43,113
38,Bi2,38,21.6,57,0,4.6,0.37,0.05,0.23,0.23,0.3,0.3,18,97,1,21.43,133
38,C,58,28,48,0,4.4,0.29,0.05,0.18,0.35,0.3,0.3,24.7,97,1,28.57,153
17,Ap,54,15.6,29,0,4.5,2.26,0.09,0.58,0.11,3.5,0.4,2.9,41,4,35.71,137
17,BA,47,10.2,22,0,5.3,0.62,0.12,1.18,0.07,1.7,0.6,2.5,50,1,28.57,123
17,Bi,49,9.6,20,0,5.4,0.49,0.12,1.25,0.06,1.2,1.3,2.2,45,1,35.71,148
0.06,Ap,29,11.1,38,0,4.1,1.74,0.22,1.98,0.3,1.2,0.6,3.1,57,1,42.86,68
0.06,AB,35,8.1,23,0,4.2,0.9,0.1,1.23,0.08,0.7,0.7,3.9,81,1,28.57,68
0.06,Bt,59,12.5,21,0,4.5,1.12,0.12,0.96,0.03,0.7,0.7,6.7,88,1,35.71,113
0.06,BC,66,11.3,17,1,4.6,1.2,0.14,1.24,0.02,0.6,0.6,6.6,89,1,35.71,73
0.06,C,51,10.5,21,1,4.8,0.57,0.2,1.9,0.01,0.6,0.6,5.4,87,1,28.57,113
19,Ap,55,22.6,41,0,4.6,2.24,0.15,0.66,0.13,6.6,1.8,1.9,18,7,50,165
19,AB,56,25,45,0,5.1,2.3,0.14,0.56,0.09,9.3,2.8,0.4,3,2,57.14,154
19,Bi1,53,17.3,33,0,5.5,1.43,0.14,0.81,0.05,6.3,2.7,0.3,3,3,50,162
19,Bi2,50,14.5,29,0,5.7,0.89,0.14,0.97,0.04,4.6,3,0.3,4,5,50,152
36,Ap,29,14.8,51,0,5.9,0.87,0.27,1.82,0.15,7.8,3.4,0,0,13,64.29,122
36,BA,29,11.5,40,0,5.2,0.32,0.16,1.39,0.1,5.3,2.2,0.5,6,2,50,94
36,Big,33,12.3,37,0,5.9,0.3,0.21,1.71,0.12,5.7,3.7,0,0,1,64.29,108
36,Cg,37,13.8,37,0,6,0.2,0.2,1.45,0.14,6.4,4.5,0,0,1,71.43,148
22,Ap,37,22.7,61,6,6.2,2.6,0.46,2.03,0.81,15.5,1.5,0,0,11,78.57,182
22,Bi,37,13.1,35,6,6,0.78,0.31,2.37,0.43,8.3,0.2,0,0,3,64.29,162
22,C,34,12.9,38,4,7.1,0.35,0.39,3.02,0.75,6.9,2.7,0,0,7,71.43,115
58,A,40,33.9,85,28,6.5,3.92,0.07,0.21,0.43,27.3,1.9,0,0,2,78.57,164
58,Bi,35,22.3,64,43,6.5,0.78,0.06,0.27,0.18,16.1,3.2,0,0,5,64.29,107
68,Ap,31,23.8,77,19,4.7,1.1,0.11,0.46,0.37,15.5,3,0.2,1,5,64.29,117
68,BA,31,20.1,65,23,4.4,0.55,0.11,0.55,0.13,8.6,2.2,3.7,25,2,42.86,114
68,Bi,36,21.5,60,13,5.4,0.49,0.09,0.42,0.11,11,1.8,3.8,23,5,42.86,172
25,Ap,78,16.2,21,0,5.1,2.01,0.1,0.62,0.14,5.2,2.6,0.2,2,3,57.14,107
25,AB,78,15.7,20,0,5.7,1.89,0.09,0.57,0.1,9.2,0.3,0.2,2,1,57.14,108
25,Bw1,82,13.5,16,0,5.1,0.94,0.08,0.59,0.04,6.1,0.8,0.5,7,1,42.86,93
25,Bw2,86,10.9,13,1,5,0.86,0.06,0.55,0.04,3.1,0.1,1.6,33,3,28.57,107
76,Ap,50,28.2,56,0,5.7,3.4,0.12,0.43,0.36,11,6.2,0,0,8,85.71,200
76,Bg,59,15.7,27,0,4.1,1.23,0.12,0.76,0.11,0.9,0.2,6.6,84,4,35.71,102
76,Cg,72,14.7,20,0,4.2,0.69,0.11,0.75,0.05,0.7,0.7,8.2,90,1,28.57,58
41,Ap,35,23.2,66,0,4.7,4.17,0.22,0.95,0.14,3.3,0.7,3.6,45,4,35.71,117
41,Bg1,31,15.3,49,0,4.6,1.32,0.13,0.85,0.04,1.3,0.3,5.5,75,3,35.71,87
41,Bg2,41,14.2,35,0,4.6,0.93,0.16,1.13,0.07,1,0.3,6.8,82,4,28.57,117
18,Ap,23,12.7,55,2,3.9,2.09,0.15,1.18,0.13,0.6,0.6,3.3,79,5,28.57,72
18,AC,17,7.9,46,9,4.3,1.08,0.09,1.14,0.07,0.1,0.1,1.8,86,2,28.57,53
18,Cg,27,5.2,19,3,4.8,0.57,0.06,1.15,0.03,0.1,0.1,1.2,86,1,21.43,83
77,Hdo,19,38.5,203,0,4.3,9.97,0.09,0.23,0.06,1,0.2,3.9,74,6,42.86,106
77,Hod,35,21.3,61,0,4.5,3.25,0.1,0.47,0.03,0.3,0.3,2.3,85,11,28.57,117
40,Hd,51,70.2,138,0,4.8,21.51,0.87,1.24,0.19,28.2,10,0.3,1,2,71.43,174
40,Hod1,60,79.8,133,0,5.1,19.33,1.84,2.31,0.13,34.9,15.3,0.1,0,1,78.57,133
40,Hod2,21,124.6,593,0,4.5,23.58,0.75,0.6,0.22,45.6,24.2,0.6,1,1,71.43,133
0.08,Ap,2,1.4,70,0,4.8,0.16,0.04,2.86,0.01,0.7,0.7,0.2,20,3,35.71,86
0.08,C1,2,0.7,35,0,5.2,0.06,0.03,4.29,0.01,0.4,0.4,0.1,20,1,35.71,72
0.08,C2,2,1.1,55,0,5.5,0.07,0.03,2.73,0.01,0.4,0.4,0.1,20,1,28.57,87
0.08,C3,2,2.1,105,0,5,0.1,0.03,1.43,0.01,0.2,0.2,0.4,67,1,28.57,62
0.01,A,4,2.1,53,0,4.8,0.63,0.03,1.43,0.04,0.6,0.6,0.5,42,2,35.71,73
0.01,AC,4,1.6,40,0,4.2,0.59,0.03,1.88,0.03,0.3,0.3,0.5,56,1,28.57,47
0.01,C1,4,1,25,0,5,0.46,0.01,1,0.02,0.3,0.3,0.4,57,1,28.57,62
0.01,C2,5,1.6,32,0,4.8,0.32,0.01,0.63,0.02,0.2,0.2,0.8,80,1,28.57,62
0.01,C3,4,0.7,18,0,4.8,0.11,0.01,1.43,0.01,0.2,0.2,0.1,33,1,35.71,72
14,Ap,1,5.9,590,0,5,0.95,0.08,1.36,0.03,1,0.8,0.4,17,1,35.71,72
14,II C1,2,4,200,0,5.4,0.54,0.06,1.5,0.01,0.6,0.4,0.2,15,1,35.71,87
14,II C2,2,3.8,190,0,5.2,0.4,0.06,1.58,0.01,0.8,0.8,0.2,18,1,35.71,72
35,A,71,17.9,25,2,4.9,3.56,0.15,0.84,0.32,1.6,0.6,4.3,61,1,42.86,73
61,A,65,25.9,40,0,4.8,4.18,0.04,0.15,0.26,0.8,0.3,5.9,81,1,42.86,93
61,AC,66,19.4,29,2,4.9,1.43,0.02,0.1,0.07,0.1,0.1,5,96,1,28.57,73
61,C,48,9.6,20,40,5.1,0.89,0.02,0.21,0.03,0.1,0.1,3.4,94,1,21.43,123
50,A1,54,37.8,70,1,4.2,6.6,0.1,0.26,0.51,2,0.2,6.6,70,1,50,138
50,A2,41,24.8,60,24,4.3,4.98,0.07,0.28,0.21,0.7,0.7,6.1,86,1,35.71,123
51,A1,59,24.1,41,2,4,4.08,0.07,0.29,0.3,1.2,0.4,11.5,85,1,35.71,118
51,A2,59,24.1,41,0,4,4,0.06,0.25,0.16,0.8,0.8,12.7,93,1,28.57,118
51,C1,77,19.9,26,0,4.2,0.69,0.1,0.5,0.38,0.6,0.6,16.4,93,2,35.71,59
44,A,47,32,68,3,5.3,2.02,0.14,0.44,0.61,19.8,6,0,0,1,78.57,163
44,C,17,52.5,309,0,4.8,0.66,0.11,0.21,0.22,31.3,16.4,1.1,2,1,57.14,112
10,A,27,8.8,33,29,5.1,0.9,0.21,2.39,0.23,4.4,0.9,0.5,8,1,42.86,93
10,C,20,4.5,23,46,5.4,0.11,0.18,4,0.16,1.9,0.6,0.9,24,1,35.71,108
23,Ap,25,23.7,95,18,5.7,1.58,0.3,1.27,0.52,14.9,2.2,0,0,7,78.57,140
49,A,20,21.2,106,15,5.6,1.78,0.16,0.75,0.38,17,2.1,0,0,2,78.57,129
69,Ap,24,17,71,6,6.1,1.56,0.12,0.71,0.95,12.5,1.3,0,0,41,78.57,122
